{
  "project_info": {
    "project_number": "317275262290",
    "project_id": "collegeapp-e9ba7",
    "storage_bucket": "collegeapp-e9ba7.firebasestorage.app"
  },
  "client": [
    {
      "client_info": {
        "mobilesdk_app_id": "1:317275262290:android:0005cd97868e6fa2affe8b",
        "android_client_info": {
          "package_name": "com.example.collegeapp"
        }
      },
      "oauth_client": [],
      "api_key": [
        {
          "current_key": "AIzaSyD8PDoUAVzkqNcT-Jzga2OJ0lFgZiDlp8M"
        }
      ],
      "services": {
        "appinvite_service": {
          "other_platform_oauth_client": []
        }
      }
    }
  ],
  "configuration_version": "1"
}